europeanize	europeanized|europeanizing|europeanizes
eurus	euruses
eutectic	eutectics
eutectoid	eutectoids
euthenist	euthenists
eutherian	eutherians
euthyroid	euthyroids
eutrophic	eutrophics
eutrophy	eutrophies|eutrophied|eutrophying
evacuant	evacuants
evacuate	evacuates|evacuating|evacuated
evacuator	evacuators
evacuee	evacuees
evade	evaded|evades|evading
evader	evaders
evaginate	evaginating|evaginated|evaginates
evagination	evaginations
evaluate	evaluating|evaluated|evaluates
evaluator	evaluators
evanesce	evanesces|evanesced|evanescing
evangel	evangels
evangelic	evangelics
evangelical	evangelicals
evangelise	evangelises|evangelising|evangelised
evangelism	evangelisms
evangelist	evangelists
evangelize	evangelized|evangelizes|evangelizing
evangelizer	evangelizers
evanish	evanishes|evanishing|evanished
evanishment	evanishments
evaporate	evaporated|evaporating|evaporates
evaporator	evaporators
evaporimeter	evaporimeters
evaporometer	evaporometers
eve	eves
even	evening|evens|evened
evener	eveners
evensong	evensongs
event	events|eventing|evented
eventide	eventides
eventration	eventrations
eventuate	eventuates|eventuating|eventuated
everglade	everglades
evergreen	evergreened|evergreening|evergreens
everlasting	everlastings
evictee	evictees
evictor	evictors
evidence	evidences|evidenced|evidencing
evildoer	evildoers
evince	evinced|evinces|evincing
evirate	evirates|evirated|evirating
eviscerate	eviscerating|eviscerates|eviscerated
evocator	evocators
evoke	evokes|evoked|evoking
evolute	evolutes
evolutionist	evolutionists
evolve	evolving|evolves|evolved
evolvent	evolvents
ewe	ewes
ewer	ewers
ex	exes|exed|exing
exabyte	exabytes
exacerbate	exacerbates|exacerbated|exacerbating
exacter	exacters
exactor	exactors
exaggerate	exaggerated|exaggerating|exaggerates
exaggerator	exaggerators
exalter	exalters
exam	exammed|exams|examming
examen	examens
examinant	examinants
examine	examined|examines|examining
examinee	examinees
examiner	examiners
example	exampling|examples|exampled
exanimate	exanimating|exanimates|exanimated
exarate	exarating|exarates|exarated
exarchate	exarchates
exasperate	exasperating|exasperated|exasperates
exasperater	exasperaters
excardination	excardinations
excavate	excavates|excavating|excavated
exceeding	exceedings
excel	excelled|excels|excelling
excenter	excenters
excentric	excentrics
exceptional	exceptionals
excerpt	excerpting|excerpts|excerpted
excess	excesses|excessing|excessed
excessiveness	excessivenesses
exchange	exchanges|exchanging|exchanged
exchangeable	exchangeables
exchanger	exchangers
exchequer	exchequered|exchequers|exchequering
exciple	exciples
excircle	excircles
excise	excises|excising|excised
excitant	excitants
excite	excited|exciting|excites
exciter	exciters
exciting	excitings
exciton	excitons
excitor	excitors
excitron	excitrons
exclaim	exclaiming|exclaims|exclaimed
exclaimer	exclaimers
exclave	exclaves
excludable	excludables
exclude	excluding|excludes|excluded
excluder	excluders
exclusive	exclusives
exclusivity	exclusivities
excogitate	excogitating|excogitates|excogitated
excommunicate	excommunicates|excommunicating|excommunicated
excommunicator	excommunicators
excoriate	excoriated|excoriating|excoriates
excoriation	excoriations
excoriator	excoriators
excorticate	excorticating|excorticates|excorticated
excrescence	excrescences
excrescent	excrescents
excrete	excreted|excreting|excretes
excretory	excretories
excruciate	excruciates|excruciating|excruciated
exculpate	exculpating|exculpates|exculpated
excurse	excurses|excursing|excursed
excursion	excursions|excursioned|excursioning
excursionist	excursionists
excuse	excuses|excused|excusing
excuser	excusers
exeat	exeats
exec	execed|execing|execs
execrate	execrated|execrates|execrating
execrative	execratives
execrator	execrators
executable	executables
executant	executants
execute	executed|executes|executing
executer	executers
executioner	executioners
executive	executives
executor	executors
executress	executresses
exegete	exegeted|exegetes|exegeting
exegetist	exegetists
exemplar	exemplars
exemplary	exemplaries
exemplifier	exemplifiers
exemplify	exemplifies|exemplifying|exemplified
exempt	exempts|exempted|exempting
exenterate	exenterating|exenterates|exenterated
exequatur	exequaturs
exercise	exercising|exercised|exercises
exerciser	exercisers
exergue	exergues
exeunt	exeunting|exeunts|exeunted
exfoliate	exfoliating|exfoliates|exfoliated
exfoliator	exfoliators
exhale	exhales|exhaling|exhaled
exhaust	exhausts|exhausted|exhausting
exhauster	exhausters
exhibit	exhibiting|exhibited|exhibits
exhibiter	exhibiters
exhibitioner	exhibitioners
exhibitionist	exhibitionists
exhibitor	exhibitors
exhilarant	exhilarants
exhilarate	exhilarating|exhilarated|exhilarates
exhilarator	exhilarators
exhortative	exhortatives
exhorter	exhorters
exhume	exhumes|exhumed|exhuming
exhumer	exhumers
exigent	exigents
exile	exiles|exiled|exiling
exine	exines
existent	existents
existential	existentials
existentialist	existentialists
exit	exits|exiting|exited
exobiologist	exobiologists
exocarp	exocarps
exocrine	exocrines
exode	exodes
exoderm	exoderms
exodontist	exodontists
exodus	exoduses|exodusing|exodused
exoenzyme	exoenzymes
exon	exons
exonerate	exonerated|exonerates|exonerating
exonerator	exonerators
exoparasite	exoparasites
exopeptidase	exopeptidases
exopodite	exopodites
exorcise	exorcising|exorcised|exorcises
exorciser	exorcisers
exorcist	exorcists
exorcize	exorcized|exorcizes|exorcizing
exoskeleton	exoskeletons
exosphere	exospheres
exospore	exospores
exostome	exostomes
exostosectomy	exostosectomies
exotic	exotics
exotoxin	exotoxins
expandable	expandables
expander	expanders
expanse	expanses
expansionist	expansionists
expatiate	expatiated|expatiating|expatiates
expatriate	expatriated|expatriating|expatriates
expectant	expectants
expectative	expectatives
expectorant	expectorants
expectorate	expectorated|expectorates|expectorating
expedient	expedients
expedite	expediting|expedited|expedites
expediter	expediters
expeditionary	expeditionaries
expeditionist	expeditionists
expeditor	expeditors
expel	expelled|expelling|expels
expellee	expellees
expeller	expellers
expendable	expendables
expense	expensed|expensing|expenses
experience	experiencing|experiences|experienced
experiencer	experiencers
experientialist	experientialists
experiment	experimenting|experimented|experiments
experimental	experimentals
experimentalise	experimentalising|experimentalises|experimentalised
experimentalist	experimentalists
experimentalize	experimentalizing|experimentalized|experimentalizes
experimenter	experimenters
expert	experts
expiate	expiating|expiated|expiates
expiator	expiators
expire	expiring|expires|expired
expiscate	expiscates|expiscating|expiscated
explainer	explainers
explant	explanted|explanting|explants
explantation	explantations
explement	explements
explicate	explicates|explicated|explicating
explicator	explicators
explode	exploding|explodes|exploded
exploder	exploders
exploit	exploiting|exploited|exploits
exploitable	exploitables
exploiter	exploitered|exploiters|exploitering
exploratory	exploratories
explore	explores|exploring|explored
exploring	explorings
explosimeter	explosimeters
explosive	explosives
expo	expos
exponent	exponents
exponential	exponentials
exportable	exportables
exporter	exporters
expose	exposing|exposed|exposes
exposer	exposers
expositor	expositors
expostulate	expostulated|expostulating|expostulates
expostulator	expostulators
expounder	expounders
express	expressing|expressed|expresses
expresser	expressers
expressionist	expressionists
expressive	expressives
expressway	expressways
exprobration	exprobrations
expromissor	expromissors
expropriate	expropriated|expropriating|expropriates
expropriator	expropriators
expugnation	expugnations
expunge	expunges|expunged|expunging
expunger	expungers
expurgate	expurgating|expurgates|expurgated
expurgator	expurgators
exquisite	exquisites
exsanguinate	exsanguinating|exsanguinated|exsanguinates
exsection	exsections
exsiccant	exsiccants
exsiccate	exsiccates|exsiccated|exsiccating
exsiccative	exsiccatives
exsiccator	exsiccators
exsufflation	exsufflations
extempore	extempores
extemporize	extemporizes|extemporized|extemporizing
extemporizer	extemporizers
extender	extenders
extensograph	extensographs
extensometer	extensometers
extensor	extensors
extent	extents
extenuate	extenuates|extenuated|extenuating
extenuator	extenuators
exterior	exteriors
exteriorise	exteriorised|exteriorises|exteriorising
exteriorization	exteriorizations
exteriorize	exteriorized|exteriorizes|exteriorizing
exterminate	exterminating|exterminated|exterminates
exterminator	exterminators
extern	externs
external	externals
externalise	externalising|externalises|externalised
externalize	externalized|externalizing|externalizes
exteroceptor	exteroceptors
exteroreceptor	exteroreceptors
extine	extines
extinguish	extinguishes|extinguishing|extinguished
extinguishant	extinguishants
extinguisher	extinguishers
extirpate	extirpates|extirpating|extirpated
extirpator	extirpators
extol	extolling|extols|extolled
extoller	extollers
extortioner	extortioners
extortionist	extortionists
extra	extras
extract	extracted|extracting|extracts
extractive	extractives
extractor	extractors
extracurricular	extracurriculars
extradite	extraditing|extradited|extradites
extradural	extradurals
extraordinary	extraordinaries
extrapolate	extrapolated|extrapolates|extrapolating
extrapolator	extrapolators
extrasystole	extrasystoles
extraterrestrial	extraterrestrials
extravagate	extravagated|extravagating|extravagates
extravasate	extravasated|extravasates|extravasating
extravert	extraverted|extraverting|extraverts
extremal	extremals
extreme	extremes
extremist	extremists
extricate	extricating|extricated|extricates
extrinsic	extrinsics
extrinsical	extrinsicals
extrovert	extroverts|extroverted|extroverting
extrudate	extrudates
extrude	extrudes|extruded|extruding
extruder	extruders
extrusive	extrusives
exuberate	exuberated|exuberating|exuberates
exudate	exudating|exudates|exudated
exude	exudes|exuding|exuded
exulcerate	exulcerated|exulcerating|exulcerates
exurb	exurbs
exuviate	exuviated|exuviates|exuviating
eye	eyeing|eyes|eyed
eyeball	eyeballs|eyeballing|eyeballed
eyebeam	eyebeams
eyebolt	eyebolts
eyebrow	eyebrowed|eyebrows|eyebrowing
eyecup	eyecups
eyeglance	eyeglances
eyeglass	eyeglasses
eyeground	eyegrounds
eyehole	eyeholes
eyelash	eyelashes
eyelet	eyeleting|eyeleted|eyelets
eyelid	eyelids
eyelift	eyelifts
eyepiece	eyepieces
eyeshade	eyeshades
eyesocket	eyesockets
eyesore	eyesores
eyewash	eyewashed|eyewashes|eyewashing
eyewitness	eyewitnessed|eyewitnessing|eyewitnesses
eyot	eyots
eyre	eyres
eyrie	eyries
eyry	eyries
ezine	ezines
fa	fas
fab	fabber|fabbing|fabbest|fabs|fabbed
fable	fables|fabling|fabled
fabler	fablers
fabricant	fabricants
fabricate	fabricating|fabricated|fabricates
fabricator	fabricators
fabulist	fabulists
fabulize	fabulizing|fabulizes|fabulized
facade	facades
face	faces|faced|facing
facelift	facelifted|facelifts|facelifting
facemask	facemasks
faceplate	faceplates
facer	facers
facet	faceted|faceting|facets
faceting	facetings
facia	facias
facient	facients
facilitate	facilitated|facilitates|facilitating
facing	facings
facsimile	facsimiled|facsimileing|facsimiles
factionary	factionaries
factor	factors|factored|factoring
factorial	factorials
factoring	factorings
factorise	factorising|factorises|factorised
factorization	factorizations
factorize	factorizes|factorizing|factorized
factory	factories
factotum	factotums
facture	factures
faculty	faculties
fad	fads
fadaise	fadaises
faddist	faddists
faddy	faddier|faddiest
fade	fadest|fader|fades|faded|fading
fader	faders
fading	fadings
faecalith	faecaliths
faena	faenas
faery	faeries
faff	faffed|faffs|faffing
fag	fagging|fags|fagged
faggot	faggots|faggoting|faggoted
fagin	fagins
fagot	fagoting|fagots|fagoted
fah	fahs
fahlband	fahlbands
fail	failed|fails|failing
failing	failings
faint	fainter|fainting|fainted|faints|faintest
fainéant	fainéants
fair	fairs|fairer|fairest|fairing|faired
fairing	fairings
fairway	fairways
fairyland	fairylands
faithful	faithfuls
faitour	faitours
fake	faked|faking|fakes
fakement	fakements
faker	fakers
fakir	fakirs
falbala	falbalas
falchion	falchioning|falchions|falchioned
falcon	falconed|falconing|falcons
falconer	falconers
falconet	falconets
falderal	falderals
faldstool	faldstools
fall	fell|fallen|falling|falls
fallacy	fallacies
fallal	fallals
faller	fallers
fallowing	fallowings
falsify	falsifying|falsifies|falsified
faltering	falterings
fam	fams
fame	fames|famed|faming
familiar	familiars
familiarise	familiarising|familiarises|familiarised
familiarize	familiarized|familiarizing|familiarizes
famish	famishing|famishes|famished
famous	famousing|famoused|famouses
fan	fanned|fans|fanning
fanatic	fanatics
fanaticise	fanaticises|fanaticised|fanaticising
fanaticize	fanaticizes|fanaticized|fanaticizing
fancier	fanciers
fancy	fancier|fancied|fanciest|fancying|fancies
fandangle	fandangles
fane	fanes
fanfare	fanfared|fanfaring|fanfares
fanfaronade	fanfaronades|fanfaronading|fanfaronaded
fang	fanging|fangs|fanged
fanion	fanions
fanlight	fanlights
fanner	fanners
fantail	fantails
fantasia	fantasias
fantasist	fantasists
fantasize	fantasizing|fantasizes|fantasized
fantasm	fantasms
fantast	fantasts
fantastic	fantastics
fantasy	fantasied|fantasying|fantasies
fantom	fantoms
fanzine	fanzines
faq	faqs
faquir	faquirs
far	farred|fars|farring
farad	farads
faradism	faradisms
farce	farced|farces|farcing
farceur	farceurs
fardel	fardels|fardelling|fardelled
fare	faring|fares|fared
farewell	farewelling|farewelled|farewells
farinograph	farinographs
farl	farled|farls|farling
farm	farmed|farms|farming
farmer	farmers
farmery	farmeries
farmstead	farmsteads
farmyard	farmyards
farrier	farriers|farriered|farriering
farrow	farrowing|farrowed|farrows
fart	farted|farting|farts
farthing	farthings
farthingale	farthingales
fascicle	fascicles
fasciculate	fasciculates
fascicule	fascicules
fascinate	fascinates|fascinating|fascinated
fascinator	fascinators
fascine	fascines
fasciole	fascioles
fascist	fascists
fash	fashing|fashed|fashes
fashionable	fashionables
fashionmonger	fashionmongers
fast	fasts|faster|fastest|fasting|fasted
fastener	fasteners
fastening	fastenings
fastigiate	fastigiates
fat	fatted|fatting|fats|fatter|fattest
fatal	fatals
fatalist	fatalists
fatality	fatalities
fate	fating|fates|fated
father	fathers|fathering|fathered
fatherland	fatherlands
fathom	fathomed|fathoms|fathoming
fathometer	fathometers
fatigue	fatiguing|fatigued|fatigues
fatling	fatlings
fattening	fattenings
fatty	fattiest|fatties|fattier
faubourg	faubourgs
faucal	faucals
faucet	faucets
fault	faults|faulting|faulted
faultfinder	faultfinders
faulting	faultings
faulty	faultier|faultiest
faun	fauns
faunist	faunists
fauteuil	fauteuils